AMD Phenom X3 8750B,2008 2 Semester
AMD FX-670K,2014 1 Semester
Intel Pentium G4560T,2017 1 Semester
Intel Pentium G2030T,2013 1 Semester
AMD Phenom II X4 805,2009 1 Semester
Intel Pentium E5500,2010 1 Semester
AMD Athlon 64 X2 5600B,2008 2 Semester
Intel Core i5-2310,2011 1 Semester
Intel Core i5-3475S,2012 1 Semester
AMD Athlon 64 X2 4850B,2008 2 Semester
Intel Core i3-7300,2017 1 Semester
Intel Core i5-3330S,2012 2 Semester
Intel Pentium J2850,2013 2 Semester
AMD A10-7800,2014 1 Semester
Intel Core i3-6098P,2015 2 Semester
Intel Core i3-8350K,2017 2 Semester
Intel Core 2 Quad Q9500,2010 1 Semester
AMD Athlon II X4 651K,2012 1 Semester
AMD Phenom II X4 810,2009 1 Semester
AMD Ryzen Threadripper 1920X,2017 2 Semester
Intel Core i3-4150,2014 1 Semester
Intel Pentium G620T,2011 1 Semester
AMD Athlon X4 740,2012 2 Semester
Intel Celeron J1800,2013 2 Semester
Intel Core i7-4790T,2014 1 Semester
AMD Phenom X3 8750 ,2008 2 Semester
Intel Celeron G540T,2012 1 Semester
Intel Core i7-4790S,2014 1 Semester
Intel Pentium E6700,2010 1 Semester
AMD Athlon II X2 240e ,2009 2 Semester
AMD A10-7850K,2014 1 Semester
Intel Core i7-8700K,2017 2 Semester
AMD A8-6500B,2013 2 Semester
AMD PRO A12-8870,2016 2 Semester
AMD Athlon 5150,2014 1 Semester
AMD Phenom II X3 700e,2009 1 Semester
Intel Core i5-2300,2011 1 Semester
AMD A4-5300,2012 2 Semester
AMD A4-6300,2013 2 Semester
Intel Core 2 Duo E4400,2007 1 Semester
Intel Pentium G3460T,2015 1 Semester
Intel Core i5-3450S,2012 1 Semester
AMD A10-6700,2013 1 Semester
Intel Core i3-6320,2015 2 Semester
AMD Phenom II X4 940,2009 1 Semester
Intel Core 2 Quad Q8400,2009 1 Semester
AMD Phenom II X4 820,2009 2 Semester
AMD Athlon 64 LE-1640 ,2008 1 Semester
Intel Core i7-4790K,2014 1 Semester
Intel Core i7-6785R,2016 1 Semester
AMD Athlon II X2 B26,2010 1 Semester
AMD Ryzen 7 PRO 1700 ,2017 2 Semester
AMD Phenom X3 8850 ,2008 2 Semester
AMD Athlon X4 970,2017 2 Semester
Intel Pentium E5400,2009 1 Semester
AMD Athlon II X2 260 ,2010 1 Semester
AMD Athlon II X4 630 ,2009 2 Semester
AMD Phenom II X2 555 BE ,2010 1 Semester
AMD A4-4000,2013 1 Semester
Intel Core i5-3570S,2012 1 Semester
Intel Core i5-3570T,2012 1 Semester
AMD Athlon II X2 221,2012 1 Semester
Intel Pentium E2140,2007 1 Semester
AMD Athlon II X2 220,2010 1 Semester
Intel Core i5-3340S,2013 2 Semester
Intel Core i3-4170,2015 1 Semester
Intel Core i5-3570K,2012 1 Semester
Intel Core i3-7320,2017 1 Semester
AMD Phenom II X4 905e,2009 1 Semester
AMD Ryzen 5 PRO 1500 ,2017 2 Semester
AMD A8-9600,2016 2 Semester
AMD A6-5400K,2012 2 Semester
AMD Athlon X4 845,2016 1 Semester
Intel Pentium G630T,2011 2 Semester
AMD Athlon II X2 270u,2010 2 Semester
Intel Celeron E1400,2008 1 Semester
AMD Athlon X4 840,2014 2 Semester
Intel Core i5-6600K,2015 2 Semester
Intel Pentium E6600,2010 1 Semester
AMD A10 PRO-7850B,2014 2 Semester
Intel Core i5-6600T,2015 2 Semester
Intel Core i5-2320,2011 2 Semester
Intel Pentium G860T,2012 1 Semester
AMD A6-5400B,2012 2 Semester
AMD Athlon 5370,2016 1 Semester
Intel Pentium G3220T,2013 2 Semester
Intel Pentium G3450T,2014 2 Semester
Intel Core 2 Duo E4500,2007 2 Semester
AMD Phenom II X4 840,2011 1 Semester
AMD Athlon X2 370K,2013 1 Semester
Intel Core i3-4160,2014 2 Semester
AMD Phenom X4 9600,2007 2 Semester
Intel Celeron G530T,2011 2 Semester
AMD A6-3600,2011 2 Semester
Intel Core i3-6100,2015 2 Semester
AMD A6-3670K,2011 2 Semester
AMD Athlon II X4 605e ,2009 2 Semester
AMD Athlon II X2 B28,2010 2 Semester
AMD FX-4300,2012 2 Semester
AMD Athlon 64 X2 6000+ ,2008 1 Semester
Intel Core i5-5675C,2015 1 Semester
Intel Core i5-4670S,2013 1 Semester
Intel Core i5-4440S,2013 2 Semester
Intel Core i5-4670T,2013 1 Semester
AMD A8-6600K,2013 1 Semester
Intel Core i5-4670R,2013 1 Semester
AMD Athlon X4 950,2016 2 Semester
AMD Phenom X4 9350e,2008 2 Semester
Intel Core i5-4670K,2013 1 Semester
AMD A4-7300,2014 2 Semester
Intel Core 2 Duo E7600,2009 1 Semester
AMD Phenom II X4 850,2011 1 Semester
Intel Pentium E2160,2007 1 Semester
Intel Core 2 Quad Q9300,2008 1 Semester
AMD A4-4020,2014 1 Semester
AMD A8-8650,2015 2 Semester
Intel Core 2 Duo E6750,2007 2 Semester
AMD Phenom II X4 925 ,2009 1 Semester
AMD Ryzen Threadripper 1900X,2017 2 Semester
AMD A10-5700,2012 2 Semester
Intel Core i5-760,2010 2 Semester
AMD PRO A4-8350B,2015 2 Semester
AMD Athlon II X2 240,2009 2 Semester
AMD A4-3300 ,2011 2 Semester
AMD Athlon X4 750K,2012 2 Semester
Intel Core i3-4350,2014 1 Semester
AMD Phenom II X4 975,2011 1 Semester
Intel Core i7-5775C,2015 1 Semester
Intel Celeron E3400,2010 1 Semester
AMD FX-770K,2014 2 Semester
Intel Core i5-3550,2012 1 Semester
Intel Core i5-2450P,2012 1 Semester
AMD Athlon X4 940,2017 2 Semester
Intel Core i7-4770T,2013 1 Semester
Intel Core i5-6400T,2015 2 Semester
Intel Pentium E6500,2009 2 Semester
Intel Core i7-875K,2010 1 Semester
AMD Athlon 5350,2014 1 Semester
Intel Pentium G645,2012 2 Semester
AMD Phenom II X4 900e,2009 1 Semester
AMD Phenom II X4 980,2011 1 Semester
Intel Core i7-4770K,2013 1 Semester
Intel Core 2 Quad Q9650,2008 2 Semester
Intel Core i5-5675R,2015 1 Semester
Intel Core i7-6850K,2016 1 Semester
Intel Core 2 Quad Q8200,2008 2 Semester
Intel Pentium G3250T,2014 2 Semester
Intel Pentium E5300,2008 2 Semester
Intel Celeron J3060,2016 1 Semester
AMD Ryzen 7 1700,2017 1 Semester
AMD Phenom X4 9500,2007 2 Semester
Intel Core i5-750,2009 2 Semester
Intel Pentium G640,2012 1 Semester
Intel Core i7-7740X,2017 1 Semester
Intel Core i7-4770S,2013 1 Semester
Intel Core i7-4770R,2013 1 Semester
Intel Core i9-7960X,2017 2 Semester
Intel Core i3-4340,2013 2 Semester
AMD Athlon X4 860K,2014 2 Semester
AMD FX-4200,2012 1 Semester
Intel Core i3-3250,2013 1 Semester
AMD A8-5500B,2012 2 Semester
Intel Pentium G2020T,2013 1 Semester
Intel Core i5-4670,2013 1 Semester
AMD FX-4350,2013 1 Semester
Intel Core i5-4430,2013 1 Semester
Intel Core i5-3340,2013 2 Semester
AMD Phenom II X6 1090T,2010 1 Semester
Intel Core i5-4430S,2013 1 Semester
AMD A10-7700K,2014 1 Semester
Intel Pentium G645T,2012 2 Semester
AMD Athlon 64 X2 4850e,2008 1 Semester
Intel Pentium G632,2011 2 Semester
Intel Pentium G630,2011 2 Semester
AMD A12-9800E,2016 2 Semester
AMD Phenom II X2 B57,2010 2 Semester
Intel Core i5-6500T,2015 2 Semester
Intel Core i5-3550S,2012 1 Semester
Intel Pentium E2180,2007 2 Semester
Intel Core 2 Duo E6850,2007 2 Semester
AMD Athlon II X2 265,2010 2 Semester
Intel Pentium G870,2012 1 Semester
Intel Pentium E6300,2009 1 Semester
AMD Athlon II X4 620e,2011 1 Semester
AMD Athlon X4 760K,2013 1 Semester
Intel Core 2 Quad Q9400,2008 2 Semester
Intel Core i3-4130,2013 2 Semester
AMD A8-6500T,2013 2 Semester
Intel Core i3-4370,2014 2 Semester
AMD PRO A10-8770E,2016 2 Semester
Intel Core i5-3570,2012 1 Semester
Intel Celeron E3500,2010 2 Semester
Intel Core i5-3330,2012 2 Semester
Intel Core 2 Extreme QX9650,2007 2 Semester
Intel Celeron E1200,2008 1 Semester
Intel Core i5-3450,2012 1 Semester
Intel Core i5-6402P,2015 2 Semester
Intel Celeron J1900,2013 2 Semester
Intel Core 2 Extreme QX9775,2008 1 Semester
Intel Celeron G550T,2012 2 Semester
Intel Pentium G622,2011 1 Semester
AMD Phenom II X3 720 ,2009 1 Semester
Intel Pentium G620,2011 1 Semester
Intel Core 2 Extreme QX9770,2008 1 Semester
AMD Athlon II X4 635 ,2010 1 Semester
Intel Core i5-6600,2015 2 Semester
AMD Athlon 64 LE-1660,2008 1 Semester
AMD A4-6320,2014 1 Semester
Intel Pentium G3240T,2014 1 Semester
Intel Core 2 Duo E4300,2007 1 Semester
Intel Pentium E5200,2008 2 Semester
Intel Pentium G860,2011 2 Semester
Intel Core i3-6300,2015 2 Semester
Intel Core i3-2100T,2011 1 Semester
Intel Core i5-7600K,2017 1 Semester
Intel Pentium J3710,2016 1 Semester
AMD Athlon II X3 440 ,2010 1 Semester
AMD A4-3400 ,2011 2 Semester
AMD Athlon X4 870K,2015 2 Semester
Intel Core 2 Quad Q8300,2008 2 Semester
AMD FX-4100,2011 2 Semester
AMD Ryzen 5 PRO 1600 ,2017 2 Semester
AMD Athlon II X2 270,2011 1 Semester
Intel Core i3-4360,2014 1 Semester
Intel Core i5-7600T,2017 1 Semester
Intel Core i7-990X,2011 1 Semester
AMD FX-4130,2012 2 Semester
Intel Core i5-4570,2013 1 Semester
Intel Core i5-4690,2014 1 Semester
AMD Athlon 64 X2 4600+ ,2008 1 Semester
Intel Core i3-7100T,2017 1 Semester
Intel Core i3-4170T,2015 1 Semester
Intel Core i7-7800X,2017 1 Semester
Intel Celeron J4005,2017 2 Semester
Intel Core i5-7600,2017 1 Semester
AMD A6-6400K,2013 1 Semester
Intel Core i7-970,2010 2 Semester
Intel Core 2 Duo E7400,2008 2 Semester
AMD Athlon II X4 610e,2010 1 Semester
Intel Core i7-5960X,2014 2 Semester
Intel Core i7-975,2009 1 Semester
Intel Core i7-8700,2017 2 Semester
Intel Core 2 Duo E6550,2007 2 Semester
AMD A6-6400B,2013 2 Semester
AMD Phenom II X4 945 ,2009 2 Semester
Intel Core i7-4785T,2014 1 Semester
AMD A8-5500,2012 2 Semester
AMD Phenom II X6 1045T,2010 2 Semester
AMD Athlon II X2 255 ,2010 1 Semester
Intel Core i5-3470,2012 1 Semester
Intel Pentium G4400T,2015 2 Semester
AMD A6-8550,2015 2 Semester
Intel Core i5-4440,2013 2 Semester
Intel Core i7-3770T,2012 1 Semester
Intel Core i7-3770S,2012 1 Semester
AMD A10 PRO-7800B,2014 2 Semester
Intel Core 2 Duo E8600,2008 2 Semester
AMD Phenom II X3 710,2009 1 Semester
Intel Core i7-3770K,2012 1 Semester
Intel Core i5-6500,2015 2 Semester
Intel Core i7-980,2011 1 Semester
AMD Phenom II X2 550 BE ,2009 1 Semester
Intel Core i7-860,2009 2 Semester
Intel Core 2 Duo E6420,2007 1 Semester
Intel Core 2 Duo E6540,2007 2 Semester
AMD Athlon II X3 420e,2010 2 Semester
Intel Core 2 Quad Q9450,2008 1 Semester
Intel Pentium G3420T,2013 2 Semester
Intel Core i3-8100,2017 2 Semester
Intel Core i7-870S,2010 2 Semester
Intel Core i9-7940X,2017 2 Semester
AMD Phenom X3 8600B ,2008 1 Semester
AMD FX-6300,2012 2 Semester
AMD FX-6330,2015 2 Semester
AMD Athlon 64 X2 4450e,2008 1 Semester
AMD Ryzen 3 1300X,2017 2 Semester
Intel Core i7-6950X,2016 1 Semester
Intel Core i5-4590,2014 1 Semester
Intel Core i3-4160T,2014 2 Semester
AMD A8-7650K,2015 1 Semester
AMD A6-9550,2017 2 Semester
Intel Core i5-2550K,2012 1 Semester
Intel Core i5-7500,2017 1 Semester
Intel Core i7-870,2009 2 Semester
Intel Core 2 Duo E7500,2009 1 Semester
AMD Athlon II X4 600e,2009 2 Semester
AMD Phenom II X2 560 BE,2010 2 Semester
AMD PRO A10-8750B,2015 2 Semester
AMD A10-6700T,2013 2 Semester
Intel Core i7-980X,2010 1 Semester
Intel Core i5-4460,2014 1 Semester
AMD Athlon II X2 245 ,2009 2 Semester
AMD FX-6200,2012 1 Semester
Intel Pentium G2120T,2013 1 Semester
AMD Athlon 64 X2 4450B,2008 1 Semester
AMD PRO A6-9500,2016 2 Semester
AMD Athlon 64 3500+ ,2007 1 Semester
AMD Athlon 64 X2 BE-2350 ,2007 1 Semester
Intel Core i5-6400,2015 2 Semester
Intel Core i7-5775R,2015 1 Semester
Intel Core 2 Quad Q9550,2008 1 Semester
AMD Athlon 64 X2 3250e ,2008 2 Semester
Intel Core i7-880,2010 1 Semester
AMD Phenom II X4 910e,2010 1 Semester
Intel Celeron J3160,2016 1 Semester
Intel Core i7-860S,2010 1 Semester
AMD Athlon II X3 425,2009 2 Semester
Intel Core i5-3335S,2012 2 Semester
AMD A8-6500,2013 1 Semester
Intel Core i5-7400,2017 1 Semester
AMD Athlon II X3 450,2010 2 Semester
AMD A4-5300B,2012 2 Semester
AMD PRO A10-8850B,2015 2 Semester
AMD FX-4170,2012 1 Semester
AMD A6-7400K,2014 1 Semester
AMD Athlon II X3 455,2010 2 Semester
AMD FX-6350,2012 2 Semester
AMD Athlon II X2 250 ,2009 1 Semester
Intel Core 2 Quad Q9550S,2009 1 Semester
Intel Celeron J3355,2016 2 Semester
Intel Core i3-7350K,2017 1 Semester
AMD A6-6420K,2014 1 Semester
Intel Core i7-7820X,2017 1 Semester
Intel Core 2 Duo E7200,2008 1 Semester
Intel Core i7-930,2010 1 Semester
Intel Core i5-655K,2010 1 Semester
Intel Core i3-7100,2017 1 Semester
AMD Phenom II X4 965 ,2009 2 Semester
AMD Phenom II X6 1065T,2010 2 Semester
Intel Core i7-4765T,2013 1 Semester
AMD A8-7600,2014 1 Semester
Intel Core i7-7700K,2017 1 Semester
AMD Sempron 140,2009 2 Semester
AMD FX-6100,2011 2 Semester
AMD Sempron 145,2010 1 Semester
AMD Athlon II X3 445,2010 1 Semester
Intel Celeron E1500,2008 2 Semester
Intel Core i7-4960X,2013 2 Semester
Intel Core 2 Duo E8400,2008 1 Semester
Intel Core i5-750S,2010 1 Semester
Intel Core i7-4790,2014 1 Semester
Intel Core i7-7700T,2017 1 Semester
AMD A4 PRO-7350B,2014 2 Semester
AMD Phenom II X6 1055T ,2010 1 Semester
Intel Pentium G3440T,2014 1 Semester
AMD Athlon II X4 615e,2010 2 Semester
Intel Core i7-940,2008 2 Semester
AMD Athlon II X3 400e,2009 2 Semester
AMD FirePro A300,2012 2 Semester
Intel Core i7-7700,2017 1 Semester
Intel Celeron G3950,2017 1 Semester
Intel Core i9-7920X,2017 2 Semester
AMD PRO A12-8870E,2016 2 Semester
Intel Celeron J4105,2017 2 Semester
AMD Phenom II X2 570 BE,2011 1 Semester
AMD FX-8310,2014 2 Semester
AMD Athlon 64 X2 5400B,2008 1 Semester
AMD Phenom X4 9150e,2008 2 Semester
Intel Core i7-6700K,2015 2 Semester
Intel Core 2 Duo E7300,2008 2 Semester
Intel Core i7-950,2009 1 Semester
Intel Core i7-6700T,2015 2 Semester
AMD Phenom II X4 955 ,2010 2 Semester
AMD Athlon II X3 435 ,2009 2 Semester
AMD Ryzen Threadripper 1950X,2017 2 Semester
AMD Phenom II X4 910,2009 1 Semester
AMD FX-8300,2012 2 Semester
AMD FX-6120,2012 1 Semester
Intel Celeron E1600,2009 1 Semester
Intel Pentium G2100T,2012 2 Semester
AMD Athlon II X2 250u,2009 2 Semester
AMD A6-9500,2016 2 Semester
AMD A10-6800B,2013 2 Semester
Intel Core i7-965,2008 2 Semester
Intel Core 2 Duo E8500,2008 1 Semester
AMD Athlon II X3 460,2011 1 Semester
Intel Core i7-960,2009 2 Semester
Intel Core 2 Duo E6320,2007 1 Semester
AMD Athlon II X2 250e,2010 2 Semester
AMD FirePro A320,2012 2 Semester
AMD A10-6800K,2013 1 Semester
AMD Phenom II X4 920,2009 1 Semester
Intel Core i3-560,2010 2 Semester
AMD Phenom II X4 960T,2010 2 Semester
Intel Core i5-2500T,2011 1 Semester
AMD Phenom X4 9850 ,2009 1 Semester
Intel Core i5-2500S,2011 1 Semester
Intel Core i7-3770,2012 1 Semester
AMD A6 PRO-7400B,2014 2 Semester
AMD Athlon X2 340,2012 2 Semester
AMD Ryzen 7 PRO 1700X ,2017 2 Semester
Intel Core i3-4360T,2014 2 Semester
Intel Core i7-6900K,2016 1 Semester
Intel Core i3-4130T,2013 2 Semester
Intel Celeron G3900,2015 2 Semester
AMD Phenom X3 8550,2008 2 Semester
AMD Athlon II X3 415e,2010 1 Semester
Intel Celeron G1840,2014 1 Semester
AMD Ryzen 5 1600,2017 1 Semester
AMD FX-8320E,2014 2 Semester
AMD Phenom II X2 521,2011 1 Semester
Intel Core i5-8400,2017 2 Semester
AMD FX-8320,2012 2 Semester
Intel Core i3-550,2010 1 Semester
AMD Athlon X2 5200+ ,2010 2 Semester
AMD Athlon II X2 215 ,2009 2 Semester
AMD Phenom II X4 840T,2010 2 Semester
Intel Core 2 Duo E8200,2008 1 Semester
AMD Ryzen 7 1700X,2017 1 Semester
AMD Athlon 64 X2 5000B,2008 1 Semester
Intel Core i5-2500K,2011 1 Semester
Intel Celeron G1610,2013 1 Semester
Intel Core i7-3960X,2011 2 Semester
Intel Celeron G1850,2014 1 Semester
AMD A8-3850,2011 2 Semester
AMD Phenom II X2 511,2011 1 Semester
Intel Core i9-7900X,2017 1 Semester
AMD Sempron 150,2010 2 Semester
Intel Core 2 Extreme QX6850,2007 2 Semester
Intel Core i7-5930K,2014 2 Semester
Intel Core i3-540,2010 1 Semester
AMD A10-5800K,2012 2 Semester
AMD FX-8350,2012 2 Semester
Intel Core i3-7300T,2017 1 Semester
AMD Athlon II X4 638,2012 1 Semester
Intel Celeron J3455,2016 2 Semester
Intel Core i3-4350T,2014 1 Semester
AMD Athlon 64 X2 BE-2300 ,2007 1 Semester
AMD Athlon II X4 631,2011 2 Semester
AMD PRO A10-9700E,2016 2 Semester
Intel Celeron G1620,2013 1 Semester
Intel Celeron G3920,2015 2 Semester
AMD Phenom X3 8650,2008 1 Semester
AMD Athlon II X3 425e,2011 1 Semester
Intel Core i7-6700,2015 2 Semester
AMD Phenom II X6 1100T,2010 2 Semester
AMD A10-5800B,2012 2 Semester
AMD FX-8100,2011 2 Semester
Intel Core i7-5820K,2014 2 Semester
Intel Core i3-530,2010 1 Semester
Intel Core 2 Duo E8300,2008 1 Semester
Intel Core i5-2400S,2011 1 Semester
Intel Core i7-4771,2013 2 Semester
AMD PRO A10-8770,2016 2 Semester
Intel Core i7-4770,2013 1 Semester
AMD Phenom II X6 1075T ,2010 2 Semester
AMD Athlon X2 450,2014 2 Semester
AMD A4-6300B,2013 2 Semester
Intel Core i7-6800K,2016 1 Semester
AMD Athlon 64 X2 5600+ ,2008 1 Semester
Intel Core i7-920,2008 2 Semester
AMD Athlon II X4 620,2009 2 Semester
Intel Pentium J4205,2016 2 Semester
Intel Celeron G3930,2017 1 Semester
Intel Core i7-3970X,2012 2 Semester
Intel Celeron G1630,2013 2 Semester
Intel Core 2 Quad Q8200S,2009 1 Semester
AMD Athlon X2 7450,2008 2 Semester
Intel Pentium G4500,2015 2 Semester
Intel Pentium G4500T,2015 2 Semester
Intel Pentium G4620,2017 1 Semester
AMD Ryzen 7 1800X,2017 1 Semester
AMD FX-8370,2014 2 Semester
AMD Athlon 64 X2 5200B,2008 1 Semester
Intel Core i3-4150T,2014 1 Semester
Intel Pentium E6500K,2009 2 Semester
AMD Athlon II X4 650,2011 1 Semester
AMD Athlon II X4 651,2011 2 Semester
Intel Pentium J5005,2017 2 Semester
AMD A8 PRO-7600B,2014 2 Semester
AMD Ryzen 5 1400,2017 1 Semester
AMD Athlon X2 7750 ,2008 2 Semester
AMD FX-8120,2011 2 Semester
Intel Pentium G3420,2013 2 Semester
Intel Celeron 450,2008 2 Semester
AMD Athlon II X3 405e ,2009 2 Semester
AMD Phenom II X4 B97,2010 2 Semester
AMD Athlon II X4 645,2010 2 Semester
Intel Core 2 Quad Q9400S,2009 1 Semester
AMD Phenom X4 9950 ,2009 1 Semester
AMD Sempron X2 198,2012 1 Semester
AMD A12-9800,2016 2 Semester
AMD Athlon II X2 245e,2010 1 Semester
AMD Phenom II X4 970 ,2010 2 Semester
AMD Athlon 64 3800+ ,2007 1 Semester
AMD Sempron X2 190,2011 2 Semester
AMD Athlon II X4 641,2012 1 Semester
AMD Athlon II X4 640,2010 1 Semester
Intel Core i3-6100T,2015 2 Semester
Intel Core 2 Quad Q6700,2007 2 Semester
AMD Phenom X3 8250e,2008 2 Semester
AMD PRO A6-9500E,2016 2 Semester
AMD Athlon X2 7550,2008 2 Semester
AMD Phenom II X2 550 ,2009 2 Semester
AMD Phenom II X3 740,2009 2 Semester
Intel Pentium G4600,2017 1 Semester
AMD FX-8150,2011 2 Semester
AMD Sempron 3850,2014 1 Semester
AMD Athlon II X2 210e,2010 2 Semester
Intel Core i3-4370T,2015 1 Semester
AMD A8-7670K,2015 2 Semester
AMD A6-9500E,2016 2 Semester
Intel Core i5-2405S,2011 1 Semester
AMD Sempron X2 180,2010 2 Semester
Intel Core i7-4820K,2013 2 Semester
Intel Celeron G1820,2013 2 Semester
Intel Core 2 Extreme QX6800,2007 1 Semester
AMD Phenom X3 8450,2008 1 Semester
AMD Phenom II X6 1035T,2010 1 Semester
AMD FX-8140,2012 2 Semester
AMD FX-9590,2013 1 Semester
AMD A4 PRO-7300B,2014 2 Semester
AMD PRO A6-8570,2016 2 Semester
AMD Athlon II X2 235e,2009 2 Semester
AMD Sempron 2650,2014 1 Semester
AMD PRO A8-9600,2016 2 Semester
Intel Pentium E5400 ,2009 1 Semester
Intel Core i7-4930K,2013 2 Semester
Intel Celeron G1830,2013 2 Semester
Intel Pentium G4600T,2017 1 Semester
Intel Core i5-8600K,2017 2 Semester
Intel Core i7-2600,2011 1 Semester
Intel Core i5-4690K,2014 1 Semester
Intel Celeron G440,2011 2 Semester
Intel Core i7-2600K,2011 1 Semester
Intel Pentium G2120,2012 2 Semester
Intel Celeron G1620T,2013 2 Semester
AMD Custom APUs 1.75GHz,2013 2 Semester
Intel Core i5-4460S,2014 1 Semester
Intel Pentium G6960,2011 1 Semester
Intel Pentium G850,2011 1 Semester
AMD Phenom X4 9100e,2008 1 Semester
AMD A8-5600K,2012 2 Semester
AMD Phenom X4 9650,2008 1 Semester
AMD Athlon 64 1640B,2008 1 Semester
AMD Phenom II X3 B77,2010 2 Semester
Intel Core i3-2130,2011 2 Semester
Intel Core i3-3220,2012 2 Semester
Intel Core i3-3225,2012 2 Semester
AMD PRO A12-9800E,2016 2 Semester
Intel Pentium G3460,2014 2 Semester
Intel Core i5-680,2010 1 Semester
Intel Core i5-4460T,2014 1 Semester
Intel Pentium G2130,2013 1 Semester
Intel Core i5-4690S,2014 1 Semester
Intel Celeron G555,2012 2 Semester
Intel Core i5-4690T,2014 1 Semester
AMD Ryzen 5 1600X,2017 1 Semester
AMD A10-6790K,2013 2 Semester
AMD A10-9700,2016 2 Semester
Intel Core i5-2390T,2011 1 Semester
AMD Athlon II X2 280,2013 1 Semester
AMD PRO A8-8650B,2015 2 Semester
Intel Celeron E3200,2009 2 Semester
Intel Core i5-4570R,2013 1 Semester
Intel Core i7-3820,2012 1 Semester
Intel Pentium G2010,2013 1 Semester
Intel Core i5-4570S,2013 1 Semester
Intel Pentium G3220,2013 2 Semester
AMD FX-9370,2013 1 Semester
AMD Phenom X4 9450e,2009 1 Semester
Intel Pentium G840,2011 1 Semester
AMD A4-3400,2011 2 Semester
AMD A10-7890K,2016 1 Semester
Intel Core i3-3210,2013 1 Semester
AMD Ryzen 3 PRO 1200 ,2017 2 Semester
Intel Core i3-2120,2011 1 Semester
Intel Core i3-2125,2011 2 Semester
AMD Phenom X3 8600,2008 1 Semester
Intel Core i5-670,2010 1 Semester
Intel Pentium G4560,2017 1 Semester
AMD E2-3200,2011 2 Semester
Intel Pentium G2020,2013 1 Semester
Intel Core i5-4570T,2013 1 Semester
AMD Athlon X4 880K,2016 1 Semester
Intel Pentium G2140,2013 1 Semester
AMD Custom APUs 1.6GHz,2013 2 Semester
Intel Pentium G3470,2015 1 Semester
Intel Core 2 Quad Q8400S,2009 1 Semester
Intel Core i5-7400T,2017 1 Semester
AMD A10-8750,2015 2 Semester
AMD Ryzen 3 1200,2017 2 Semester
Intel Celeron G460,2011 2 Semester
AMD Athlon II X2 260u ,2009 2 Semester
Intel Pentium G4520,2015 2 Semester
Intel Celeron G1610T,2013 1 Semester
Intel Pentium G4400,2015 2 Semester
Intel Pentium G3430,2013 2 Semester
Intel Celeron G1840T,2014 1 Semester
Intel Celeron G3930T,2017 1 Semester
AMD Phenom X4 9600B ,2008 1 Semester
Intel Pentium E5800,2010 2 Semester
AMD Phenom X4 9550,2008 1 Semester
AMD Ryzen 3 PRO 1300 ,2017 2 Semester
Intel Core i5-5575R,2015 1 Semester
Intel Core i3-4330,2013 2 Semester
AMD Athlon 64 X2 5800+,2008 1 Semester
Intel Core i3-3245,2013 1 Semester
Intel Core i5-7500T,2017 1 Semester
AMD Athlon 64 X2 5050e,2008 2 Semester
Intel Core i5-661,2010 1 Semester
Intel Core i5-660,2010 1 Semester
Intel Core i9-7980XE,2017 2 Semester
Intel Core i3-3240,2012 2 Semester
AMD Phenom II X2 565 BE,2010 2 Semester
Intel Celeron E3300,2009 2 Semester
Intel Celeron G470,2013 1 Semester
Intel Pentium G6951,2010 2 Semester
Intel Core i3-3220T,2012 2 Semester
Intel Pentium G6950,2010 1 Semester
Intel Pentium G3440,2014 1 Semester
Intel Core i7-3930K,2011 2 Semester
AMD A4-3300,2011 2 Semester
AMD A8-3870K,2011 2 Semester
AMD A4-3420,2012 1 Semester
Intel Core i3-2120T,2011 2 Semester
AMD PRO A6-8570E,2016 2 Semester
AMD FX-8120 ,2012 1 Semester
AMD Phenom X3 8450e,2008 2 Semester
Intel Celeron G465,2012 2 Semester
Intel Pentium G3450,2014 1 Semester
Intel Core i5-650,2010 1 Semester
Intel Pentium G3260T,2015 1 Semester
Intel Core i7-2600S,2011 1 Semester
Intel Core 2 Quad Q6600,2007 1 Semester
Intel Celeron J1850,2013 2 Semester
AMD A8-3800,2011 2 Semester
Intel Pentium G3258,2014 1 Semester
AMD Phenom II X3 705e,2009 1 Semester
Intel Pentium E5700,2010 2 Semester
Intel Celeron G3900T,2015 2 Semester
Intel Core 2 Duo E4600,2007 2 Semester
Intel Core i5-3350P,2012 2 Semester
AMD A4-3450,2012 2 Semester
AMD PRO A12-9800,2016 2 Semester
Intel Pentium G3260,2015 1 Semester
Intel Core i3-3250T,2013 1 Semester
Intel Pentium G640T,2012 1 Semester
Intel Core i7-2700K,2011 2 Semester
Intel Celeron G530,2011 2 Semester
Intel Pentium E6300 ,2009 1 Semester
Intel Core i5-2500,2011 1 Semester
Intel Core i5-6585R,2016 1 Semester
Intel Core i5-3470T,2012 1 Semester
AMD A10-7870K,2015 1 Semester
AMD Phenom X3 8400,2008 1 Semester
Intel Core i5-3470S,2012 1 Semester
Intel Core i5-4590T,2014 1 Semester
AMD A6-3620,2012 1 Semester
AMD A6-3500,2011 2 Semester
Intel Core i5-4590S,2014 1 Semester
AMD Ryzen 5 1500X,2017 1 Semester
AMD Athlon X2 7850,2009 1 Semester
AMD A10-9700E,2016 2 Semester
Intel Core i5-2380P,2012 1 Semester
AMD A8-3820,2012 1 Semester
Intel Celeron G1820T,2013 2 Semester
AMD A6-3650,2011 2 Semester
Intel Celeron G540,2011 2 Semester
Intel Pentium E2210,2009 1 Semester
AMD Athlon 64 X2 4050e,2008 1 Semester
Intel Core i5-6685R,2016 1 Semester
AMD Phenom X4 9750B,2008 2 Semester
Intel Core 2 Duo E4700,2008 1 Semester
Intel Celeron J1750,2013 2 Semester
Intel Core i3-4330T,2013 2 Semester
Intel Pentium G3240,2014 1 Semester
Intel Pentium G2030,2013 1 Semester
AMD FX-8370E,2014 2 Semester
Intel Core 2 Duo E8190,2008 1 Semester
Intel Core i3-3240T,2012 2 Semester
AMD Phenom II X2 545 ,2009 2 Semester
Intel Celeron G550,2012 1 Semester
Intel Core i5-7640X,2017 1 Semester
Intel Pentium E6800,2010 2 Semester
Intel Core i5-2400,2011 1 Semester
AMD PRO A6-8550B,2015 2 Semester
Intel Core i3-2105,2011 1 Semester
AMD A10-7860K,2016 1 Semester
AMD Phenom X4 9750 ,2008 1 Semester
AMD PRO A10-9700,2016 2 Semester
Intel Core i3-2100,2011 1 Semester
Intel Core i3-6300T,2015 2 Semester
Intel Core i3-2102,2011 1 Semester
AMD Athlon 64 2650e,2008 2 Semester
Intel Pentium G3250,2014 2 Semester
Intel Pentium J2900,2013 2 Semester
AMD A6-7470K,2016 1 Semester
AMD Athlon X2 6500,2008 2 Semester
